source_season,canonical_season,gender,competition_id,competition_name,fixture_count,rich_stats,sparse_stats,score_only_or_zero,no_stats,points_summary,lineup,commentary,all_season_stat,first_datetime,last_datetime
2023,2022-23,Men,257,SVNS World Championships - Hong Kong,45,45,0,0,0,45,45,45,45,2022-11-04T07:40:00+0000,2022-11-06T11:00:00+0000
2023,2022-23,Men,252,SVNS Series - Cape Town,45,45,0,0,0,45,45,45,45,2022-12-09T12:22:00+0000,2022-12-11T17:56:00+0000
2023,2022-23,Men,296,SVNS - Los Angeles,45,45,0,0,0,45,45,45,45,2023-02-25T17:15:00+0000,2023-02-27T01:28:00+0000
2023,2022-23,Men,256,World Rugby Sevens Series - Vancouver 7s,45,45,0,0,0,45,45,45,45,2023-03-03T19:30:00+0000,2023-03-06T02:26:00+0000
2023,2022-23,Men,258,SVNS Series - Singapore,45,45,0,0,0,45,45,45,45,2023-04-08T01:30:00+0000,2023-04-09T11:28:00+0000
2023,2022-23,Women,261,SVNS Women - Dubai,34,34,0,0,0,34,34,34,34,2022-12-02T05:00:00+0000,2022-12-03T14:56:00+0000
2023,2022-23,Women,348,SVNS Women - Cape Town,34,34,0,0,0,34,34,34,34,2022-12-09T10:00:00+0000,2022-12-11T17:26:00+0000
2023,2022-23,Women,746,SVNS Women - Vancouver,34,34,0,0,0,34,34,34,34,2023-03-03T17:15:00+0000,2023-03-06T01:56:00+0000
2023,2022-23,Women,350,SVNS Women - Hong Kong,34,34,0,0,0,34,34,34,34,2023-03-31T04:16:00+0000,2023-04-02T11:40:00+0000
2023,2022-23,Women,518,World Rugby Sevens Series Women - Toulouse 7s,34,34,0,0,0,34,34,34,34,2023-05-12T08:00:00+0000,2023-05-14T15:26:00+0000
2024,2023-24,Men,252,SVNS Series - Cape Town,32,32,0,0,0,32,32,32,32,2023-12-09T08:06:00+0000,2023-12-10T17:23:00+0000
2024,2023-24,Men,748,SVNS Series - Perth,32,32,0,0,0,32,32,32,32,2024-01-26T04:44:00+0000,2024-01-28T09:53:00+0000
2024,2023-24,Men,256,SVNS Series - Vancouver,16,16,0,0,0,16,16,16,16,2024-02-23T21:52:00+0000,2024-02-25T18:37:00+0000
2024,2023-24,Men,296,SVNS Series - Los Angeles,4,4,0,0,0,4,4,4,4,2024-03-02T04:00:00+0000,2024-03-03T04:32:00+0000
2024,2023-24,Men,257,SVNS World Championships - Hong Kong,1,1,0,0,0,1,1,1,1,2024-04-07T02:49:00+0000,2024-04-07T02:49:00+0000
2024,2023-24,Men,258,SVNS Series - Singapore,1,1,0,0,0,1,1,1,1,2024-05-04T05:37:00+0000,2024-05-04T05:37:00+0000
2024,2023-24,Women,261,SVNS Women - Dubai,32,31,1,0,0,32,32,32,32,2023-12-02T05:00:00+0000,2023-12-03T15:13:00+0000
2024,2023-24,Women,348,SVNS Women - Cape Town,32,32,0,0,0,32,32,32,32,2023-12-09T07:00:00+0000,2023-12-10T16:43:00+0000
2024,2023-24,Women,750,SVNS Women - Perth,32,32,0,0,0,32,32,32,32,2024-01-26T04:00:00+0000,2024-01-28T09:13:00+0000
2024,2023-24,Women,746,SVNS Women - Vancouver,17,17,0,0,0,17,17,17,17,2024-02-23T19:30:00+0000,2024-02-26T00:43:00+0000
2024,2023-24,Women,751,SVNS Women - Los Angeles,4,4,0,0,0,4,4,4,4,2024-03-02T00:30:00+0000,2024-03-04T01:43:00+0000
2024,2023-24,Women,350,SVNS Women - Hong Kong,2,2,0,0,0,2,2,2,2,2024-04-06T07:34:00+0000,2024-04-07T10:13:00+0000
2024,2023-24,Women,753,SVNS Women - Madrid,1,1,0,0,0,1,1,1,1,2024-06-02T11:41:00+0000,2024-06-02T11:41:00+0000
2025,2024-25,Men,748,SVNS - Perth,1,1,0,0,0,1,1,1,1,2025-01-25T08:43:00+0000,2025-01-25T08:43:00+0000
2025,2024-25,Men,257,SVNS - Hong Kong,1,1,0,0,0,1,1,1,1,2025-03-30T04:00:00+0000,2025-03-30T04:00:00+0000
2025,2024-25,Men,258,SVNS Series - Singapore,1,1,0,0,0,1,1,1,1,2025-04-05T11:38:00+0000,2025-04-05T11:38:00+0000
2025,2024-25,Men,296,SVNS Series - Los Angeles,3,3,0,0,0,3,3,3,3,2025-05-04T00:13:00+0000,2025-05-04T22:28:00+0000
2025,2024-25,Women,261,SVNS Women - Dubai,1,1,0,0,0,1,1,1,1,2024-11-30T09:05:00+0000,2024-11-30T09:05:00+0000
2025,2024-25,Women,750,SVNS Women - Perth,2,2,0,0,0,2,2,2,2,2025-01-24T12:14:00+0000,2025-01-25T11:25:00+0000
2025,2024-25,Women,746,SVNS Women - Vancouver,2,2,0,0,0,2,2,2,2,2025-02-21T22:00:00+0000,2025-02-24T00:33:00+0000
2025,2024-25,Women,350,SVNS Women - Hong Kong,3,3,0,0,0,3,3,3,3,2025-03-28T08:44:00+0000,2025-03-30T09:10:00+0000
2025,2024-25,Women,751,SVNS Women - Los Angeles,4,4,0,0,0,4,4,4,4,2025-05-03T22:13:00+0000,2025-05-04T21:40:00+0000
2026,2025-26,Men,252,SVNS Series - Cape Town,6,6,0,0,0,6,6,6,6,2025-12-06T10:00:00+0000,2025-12-07T14:43:00+0000
2026,2025-26,Men,258,SVNS Series - Singapore,6,6,0,0,0,6,6,6,6,2026-01-31T04:32:00+0000,2026-02-01T11:41:00+0000
2026,2025-26,Men,748,SVNS Series - Perth,7,7,0,0,0,7,7,7,7,2026-02-07T07:14:00+0000,2026-02-08T09:04:00+0000
2026,2025-26,Men,256,SVNS Series - Vancouver,5,5,0,0,0,5,5,5,5,2026-03-07T18:57:00+0000,2026-03-08T23:20:00+0000
2026,2025-26,Men,257,SVNS World Championships - Hong Kong,25,25,0,0,0,25,25,25,25,2026-04-17T03:39:00+0000,2026-04-19T11:14:00+0000
2026,2025-26,Women,261,SVNS Series Women - Dubai,7,7,0,0,0,7,7,7,7,2025-11-29T06:58:00+0000,2025-11-30T09:12:00+0000
2026,2025-26,Women,348,SVNS Series Women - Cape Town,11,11,0,0,0,11,11,11,11,2025-12-06T08:44:00+0000,2025-12-07T14:10:00+0000
2026,2025-26,Women,752,SVNS Series Women - Singapore,7,7,0,0,0,7,7,7,7,2026-01-31T02:20:00+0000,2026-02-01T07:36:00+0000
2026,2025-26,Women,750,SVNS Series Women - Perth,8,8,0,0,0,8,8,8,8,2026-02-07T03:14:00+0000,2026-02-08T05:51:00+0000
2026,2025-26,Women,746,SVNS Series Women - Vancouver,8,8,0,0,0,8,8,8,8,2026-03-07T21:31:00+0000,2026-03-08T20:39:00+0000
2026,2025-26,Women,350,SVNS World Championships Women - Hong Kong,25,25,0,0,0,25,25,25,25,2026-04-17T02:53:00+0000,2026-04-19T10:35:00+0000
2026,2025-26,Women,110,SVNS World Championships Women - Valladolid,32,32,0,0,0,32,32,32,32,2026-05-29T08:00:00+0000,2026-05-31T13:46:00+0000